Run,Assay Type,AvgSpotLen,Bases,BioProject,BioSample,Bytes,Center Name,Collection_Date,Consent,DATASTORE filetype,DATASTORE provider,DATASTORE region,Experiment,genotype,geo_loc_name_country,geo_loc_name_country_continent,geo_loc_name,Instrument,Library Name,LibraryLayout,LibrarySelection,LibrarySource,Organism,Platform,ReleaseDate,create_date,version,Sample Name,source_name,SRA Study,treatment,cell_type,cell_line
SRR31773483,OTHER,101,1658908941,PRJNA1199975,SAMN45902159,484137912,"ERIC VAN NOSTRAND, BIOCHEMISTRY AND MOLECULAR PHARMACOLOGY, BAYLOR COLLEGE OF MEDICINE",missing,public,"fastq,sra","gs,ncbi,s3","gs.us-east1,ncbi.public,s3.us-east-1",SRX27135229,IFIT3KO,uncalculated,uncalculated,missing,Illumina HiSeq 4000,GSM8689720,SINGLE,other,OTHER,Mus musculus,ILLUMINA,2025-03-11T00:00:00Z,2024-12-19T03:43:00Z,1,GSM8689720,Mouse Embryonic Fibroblast,SRP552549,"VSV infected,Interferon treated",Mouse Embryonic Fibroblast,
SRR31773484,OTHER,101,1192816161,PRJNA1199975,SAMN45902160,353571142,"ERIC VAN NOSTRAND, BIOCHEMISTRY AND MOLECULAR PHARMACOLOGY, BAYLOR COLLEGE OF MEDICINE",missing,public,"fastq,run.zq,sra","gs,ncbi,s3","gs.us-east1,ncbi.public,s3.us-east-1",SRX27135228,IFIT3KO,uncalculated,uncalculated,missing,Illumina HiSeq 4000,GSM8689719,SINGLE,other,OTHER,Mus musculus,ILLUMINA,2025-03-11T00:00:00Z,2024-12-19T03:44:00Z,1,GSM8689719,Mouse Embryonic Fibroblast,SRP552549,"VSV infected,Interferon treated",Mouse Embryonic Fibroblast,
SRR31773485,OTHER,101,1621580351,PRJNA1199975,SAMN45902161,473594974,"ERIC VAN NOSTRAND, BIOCHEMISTRY AND MOLECULAR PHARMACOLOGY, BAYLOR COLLEGE OF MEDICINE",missing,public,"fastq,sra","gs,ncbi,s3","gs.us-east1,ncbi.public,s3.us-east-1",SRX27135227,IFIT3KO,uncalculated,uncalculated,missing,Illumina HiSeq 4000,GSM8689718,SINGLE,other,OTHER,Mus musculus,ILLUMINA,2025-03-11T00:00:00Z,2024-12-19T03:43:00Z,1,GSM8689718,Mouse Embryonic Fibroblast,SRP552549,"uninfected,Interferon treated",Mouse Embryonic Fibroblast,
SRR31773486,OTHER,101,1572914814,PRJNA1199975,SAMN45902162,459241328,"ERIC VAN NOSTRAND, BIOCHEMISTRY AND MOLECULAR PHARMACOLOGY, BAYLOR COLLEGE OF MEDICINE",missing,public,"fastq,sra","gs,ncbi,s3","gs.us-east1,ncbi.public,s3.us-east-1",SRX27135226,IFIT3KO,uncalculated,uncalculated,missing,Illumina HiSeq 4000,GSM8689717,SINGLE,other,OTHER,Mus musculus,ILLUMINA,2025-03-11T00:00:00Z,2024-12-19T03:43:00Z,1,GSM8689717,Mouse Embryonic Fibroblast,SRP552549,"VSV infected,Interferon treated",Mouse Embryonic Fibroblast,
SRR31773487,OTHER,101,1558879551,PRJNA1199975,SAMN45902163,455428170,"ERIC VAN NOSTRAND, BIOCHEMISTRY AND MOLECULAR PHARMACOLOGY, BAYLOR COLLEGE OF MEDICINE",missing,public,"fastq,sra","gs,ncbi,s3","gs.us-east1,ncbi.public,s3.us-east-1",SRX27135225,IFIT3KO,uncalculated,uncalculated,missing,Illumina HiSeq 4000,GSM8689716,SINGLE,other,OTHER,Mus musculus,ILLUMINA,2025-03-11T00:00:00Z,2024-12-19T03:43:00Z,1,GSM8689716,Mouse Embryonic Fibroblast,SRP552549,"VSV infected,Interferon treated",Mouse Embryonic Fibroblast,
SRR31773488,OTHER,101,1233949825,PRJNA1199975,SAMN45902164,363995010,"ERIC VAN NOSTRAND, BIOCHEMISTRY AND MOLECULAR PHARMACOLOGY, BAYLOR COLLEGE OF MEDICINE",missing,public,"fastq,sra","gs,ncbi,s3","gs.us-east1,ncbi.public,s3.us-east-1",SRX27135224,IFIT3KO,uncalculated,uncalculated,missing,Illumina HiSeq 4000,GSM8689715,SINGLE,other,OTHER,Mus musculus,ILLUMINA,2025-03-11T00:00:00Z,2024-12-19T03:43:00Z,1,GSM8689715,Mouse Embryonic Fibroblast,SRP552549,"VSV infected,Interferon treated",Mouse Embryonic Fibroblast,
SRR31773489,OTHER,101,1773017529,PRJNA1199975,SAMN45902165,517573263,"ERIC VAN NOSTRAND, BIOCHEMISTRY AND MOLECULAR PHARMACOLOGY, BAYLOR COLLEGE OF MEDICINE",missing,public,"fastq,sra","gs,ncbi,s3","gs.us-east1,ncbi.public,s3.us-east-1",SRX27135223,IFIT3KO,uncalculated,uncalculated,missing,Illumina HiSeq 4000,GSM8689714,SINGLE,other,OTHER,Mus musculus,ILLUMINA,2025-03-11T00:00:00Z,2024-12-19T03:46:00Z,1,GSM8689714,Mouse Embryonic Fibroblast,SRP552549,"uninfected,Interferon treated",Mouse Embryonic Fibroblast,
SRR31773490,OTHER,101,1256071148,PRJNA1199975,SAMN45902182,374902347,"ERIC VAN NOSTRAND, BIOCHEMISTRY AND MOLECULAR PHARMACOLOGY, BAYLOR COLLEGE OF MEDICINE",missing,public,"fastq,run.zq,sra","gs,ncbi,s3","gs.us-east1,ncbi.public,s3.us-east-1",SRX27135222,WT,uncalculated,uncalculated,missing,Illumina HiSeq 4000,GSM8689697,SINGLE,other,OTHER,Mus musculus,ILLUMINA,2025-03-11T00:00:00Z,2024-12-19T03:44:00Z,1,GSM8689697,Mouse Embryonic Fibroblast,SRP552549,"uninfected,Interferon treated",Mouse Embryonic Fibroblast,
SRR31773491,OTHER,101,1250924390,PRJNA1199975,SAMN45902183,369104995,"ERIC VAN NOSTRAND, BIOCHEMISTRY AND MOLECULAR PHARMACOLOGY, BAYLOR COLLEGE OF MEDICINE",missing,public,"fastq,sra","gs,ncbi,s3","gs.us-east1,ncbi.public,s3.us-east-1",SRX27135221,WT,uncalculated,uncalculated,missing,Illumina HiSeq 4000,GSM8689696,SINGLE,other,OTHER,Mus musculus,ILLUMINA,2025-03-11T00:00:00Z,2024-12-19T03:43:00Z,1,GSM8689696,Mouse Embryonic Fibroblast,SRP552549,"uninfected,untreated",Mouse Embryonic Fibroblast,
SRR31773492,OTHER,101,1417580248,PRJNA1199975,SAMN45902184,416538109,"ERIC VAN NOSTRAND, BIOCHEMISTRY AND MOLECULAR PHARMACOLOGY, BAYLOR COLLEGE OF MEDICINE",missing,public,"fastq,sra","gs,ncbi,s3","gs.us-east1,ncbi.public,s3.us-east-1",SRX27135220,WT,uncalculated,uncalculated,missing,Illumina HiSeq 4000,GSM8689695,SINGLE,other,OTHER,Mus musculus,ILLUMINA,2025-03-11T00:00:00Z,2024-12-19T03:44:00Z,1,GSM8689695,Mouse Embryonic Fibroblast,SRP552549,"VSV infected,Interferon treated",Mouse Embryonic Fibroblast,
SRR31773493,OTHER,101,1072356794,PRJNA1199975,SAMN45902185,316216772,"ERIC VAN NOSTRAND, BIOCHEMISTRY AND MOLECULAR PHARMACOLOGY, BAYLOR COLLEGE OF MEDICINE",missing,public,"fastq,sra","gs,ncbi,s3","gs.us-east1,ncbi.public,s3.us-east-1",SRX27135219,WT,uncalculated,uncalculated,missing,Illumina HiSeq 4000,GSM8689694,SINGLE,other,OTHER,Mus musculus,ILLUMINA,2025-03-11T00:00:00Z,2024-12-19T03:43:00Z,1,GSM8689694,Mouse Embryonic Fibroblast,SRP552549,"VSV infected,Interferon treated",Mouse Embryonic Fibroblast,
SRR31773494,OTHER,101,1387124809,PRJNA1199975,SAMN45902186,408252294,"ERIC VAN NOSTRAND, BIOCHEMISTRY AND MOLECULAR PHARMACOLOGY, BAYLOR COLLEGE OF MEDICINE",missing,public,"fastq,sra","gs,ncbi,s3","gs.us-east1,ncbi.public,s3.us-east-1",SRX27135218,WT,uncalculated,uncalculated,missing,Illumina HiSeq 4000,GSM8689693,SINGLE,other,OTHER,Mus musculus,ILLUMINA,2025-03-11T00:00:00Z,2024-12-19T03:43:00Z,1,GSM8689693,Mouse Embryonic Fibroblast,SRP552549,"VSV infected,untreated",Mouse Embryonic Fibroblast,
SRR31773495,OTHER,101,1125886895,PRJNA1199975,SAMN45902187,333370979,"ERIC VAN NOSTRAND, BIOCHEMISTRY AND MOLECULAR PHARMACOLOGY, BAYLOR COLLEGE OF MEDICINE",missing,public,"fastq,sra","gs,ncbi,s3","gs.us-east1,ncbi.public,s3.us-east-1",SRX27135217,WT,uncalculated,uncalculated,missing,Illumina HiSeq 4000,GSM8689692,SINGLE,other,OTHER,Mus musculus,ILLUMINA,2025-03-11T00:00:00Z,2024-12-19T03:43:00Z,1,GSM8689692,Mouse Embryonic Fibroblast,SRP552549,"VSV infected,untreated",Mouse Embryonic Fibroblast,
SRR31773496,OTHER,101,1535331603,PRJNA1199975,SAMN45902188,452040672,"ERIC VAN NOSTRAND, BIOCHEMISTRY AND MOLECULAR PHARMACOLOGY, BAYLOR COLLEGE OF MEDICINE",missing,public,"fastq,sra","gs,ncbi,s3","gs.us-east1,ncbi.public,s3.us-east-1",SRX27135216,WT,uncalculated,uncalculated,missing,Illumina HiSeq 4000,GSM8689691,SINGLE,other,OTHER,Mus musculus,ILLUMINA,2025-03-11T00:00:00Z,2024-12-19T03:43:00Z,1,GSM8689691,Mouse Embryonic Fibroblast,SRP552549,"uninfected,Interferon treated",Mouse Embryonic Fibroblast,
SRR31773497,OTHER,101,1388263483,PRJNA1199975,SAMN45902189,409411153,"ERIC VAN NOSTRAND, BIOCHEMISTRY AND MOLECULAR PHARMACOLOGY, BAYLOR COLLEGE OF MEDICINE",missing,public,"fastq,sra","gs,ncbi,s3","gs.us-east1,ncbi.public,s3.us-east-1",SRX27135215,WT,uncalculated,uncalculated,missing,Illumina HiSeq 4000,GSM8689690,SINGLE,other,OTHER,Mus musculus,ILLUMINA,2025-03-11T00:00:00Z,2024-12-19T03:44:00Z,1,GSM8689690,Mouse Embryonic Fibroblast,SRP552549,"uninfected,Interferon treated",Mouse Embryonic Fibroblast,
SRR31773498,OTHER,101,1463694727,PRJNA1199975,SAMN45902190,431824807,"ERIC VAN NOSTRAND, BIOCHEMISTRY AND MOLECULAR PHARMACOLOGY, BAYLOR COLLEGE OF MEDICINE",missing,public,"fastq,sra","gs,ncbi,s3","gs.us-east1,ncbi.public,s3.us-east-1",SRX27135214,WT,uncalculated,uncalculated,missing,Illumina HiSeq 4000,GSM8689689,SINGLE,other,OTHER,Mus musculus,ILLUMINA,2025-03-11T00:00:00Z,2024-12-19T03:44:00Z,1,GSM8689689,Mouse Embryonic Fibroblast,SRP552549,"uninfected,untreated",Mouse Embryonic Fibroblast,
SRR31773499,OTHER,101,1444420089,PRJNA1199975,SAMN45902191,426784925,"ERIC VAN NOSTRAND, BIOCHEMISTRY AND MOLECULAR PHARMACOLOGY, BAYLOR COLLEGE OF MEDICINE",missing,public,"fastq,sra","gs,ncbi,s3","gs.us-east1,ncbi.public,s3.us-east-1",SRX27135213,WT,uncalculated,uncalculated,missing,Illumina HiSeq 4000,GSM8689688,SINGLE,other,OTHER,Mus musculus,ILLUMINA,2025-03-11T00:00:00Z,2024-12-19T03:43:00Z,1,GSM8689688,Mouse Embryonic Fibroblast,SRP552549,"uninfected,untreated",Mouse Embryonic Fibroblast,
SRR31773500,OTHER,101,1428756201,PRJNA1199975,SAMN45902192,419914058,"ERIC VAN NOSTRAND, BIOCHEMISTRY AND MOLECULAR PHARMACOLOGY, BAYLOR COLLEGE OF MEDICINE",missing,public,"fastq,sra","gs,ncbi,s3","gs.us-east1,ncbi.public,s3.us-east-1",SRX27135212,WT,uncalculated,uncalculated,missing,Illumina HiSeq 4000,GSM8689687,SINGLE,other,OTHER,Mus musculus,ILLUMINA,2025-03-11T00:00:00Z,2024-12-19T03:43:00Z,1,GSM8689687,Mouse Embryonic Fibroblast,SRP552549,"VSV infected,Interferon treated",Mouse Embryonic Fibroblast,
SRR31773501,OTHER,101,1286691722,PRJNA1199975,SAMN45902193,377877452,"ERIC VAN NOSTRAND, BIOCHEMISTRY AND MOLECULAR PHARMACOLOGY, BAYLOR COLLEGE OF MEDICINE",missing,public,"sra,fastq","gs,ncbi,s3","gs.us-east1,ncbi.public,s3.us-east-1",SRX27135211,WT,uncalculated,uncalculated,missing,Illumina HiSeq 4000,GSM8689686,SINGLE,other,OTHER,Mus musculus,ILLUMINA,2025-03-11T00:00:00Z,2024-12-19T03:43:00Z,1,GSM8689686,Mouse Embryonic Fibroblast,SRP552549,"VSV infected,untreated",Mouse Embryonic Fibroblast,
SRR31773502,OTHER,101,1667530604,PRJNA1199975,SAMN45902194,490626664,"ERIC VAN NOSTRAND, BIOCHEMISTRY AND MOLECULAR PHARMACOLOGY, BAYLOR COLLEGE OF MEDICINE",missing,public,"fastq,sra","gs,ncbi,s3","gs.us-east1,ncbi.public,s3.us-east-1",SRX27135210,WT,uncalculated,uncalculated,missing,Illumina HiSeq 4000,GSM8689685,SINGLE,other,OTHER,Mus musculus,ILLUMINA,2025-03-11T00:00:00Z,2024-12-19T03:43:00Z,1,GSM8689685,Mouse Embryonic Fibroblast,SRP552549,"uninfected,Interferon treated",Mouse Embryonic Fibroblast,
SRR31773503,OTHER,101,1378468099,PRJNA1199975,SAMN45902195,406652458,"ERIC VAN NOSTRAND, BIOCHEMISTRY AND MOLECULAR PHARMACOLOGY, BAYLOR COLLEGE OF MEDICINE",missing,public,"fastq,sra","gs,ncbi,s3","gs.us-east1,ncbi.public,s3.us-east-1",SRX27135209,WT,uncalculated,uncalculated,missing,Illumina HiSeq 4000,GSM8689684,SINGLE,other,OTHER,Mus musculus,ILLUMINA,2025-03-11T00:00:00Z,2024-12-19T03:43:00Z,1,GSM8689684,Mouse Embryonic Fibroblast,SRP552549,"uninfected,untreated",Mouse Embryonic Fibroblast,
SRR31773504,OTHER,101,1300033923,PRJNA1199975,SAMN45902196,382545480,"ERIC VAN NOSTRAND, BIOCHEMISTRY AND MOLECULAR PHARMACOLOGY, BAYLOR COLLEGE OF MEDICINE",missing,public,"fastq,sra","gs,ncbi,s3","gs.us-east1,ncbi.public,s3.us-east-1",SRX27135208,WT,uncalculated,uncalculated,missing,Illumina HiSeq 4000,GSM8689683,SINGLE,other,OTHER,Mus musculus,ILLUMINA,2025-03-11T00:00:00Z,2024-12-19T03:43:00Z,1,GSM8689683,Mouse Embryonic Fibroblast,SRP552549,"VSV infected,Interferon treated",Mouse Embryonic Fibroblast,
SRR31773505,OTHER,101,1138055981,PRJNA1199975,SAMN45902197,336856228,"ERIC VAN NOSTRAND, BIOCHEMISTRY AND MOLECULAR PHARMACOLOGY, BAYLOR COLLEGE OF MEDICINE",missing,public,"fastq,sra","gs,ncbi,s3","gs.us-east1,ncbi.public,s3.us-east-1",SRX27135207,WT,uncalculated,uncalculated,missing,Illumina HiSeq 4000,GSM8689682,SINGLE,other,OTHER,Mus musculus,ILLUMINA,2025-03-11T00:00:00Z,2024-12-19T03:43:00Z,1,GSM8689682,Mouse Embryonic Fibroblast,SRP552549,"VSV infected,Interferon treated",Mouse Embryonic Fibroblast,
SRR31773506,OTHER,101,1649736727,PRJNA1199975,SAMN45902198,484022439,"ERIC VAN NOSTRAND, BIOCHEMISTRY AND MOLECULAR PHARMACOLOGY, BAYLOR COLLEGE OF MEDICINE",missing,public,"fastq,sra","gs,ncbi,s3","gs.us-east1,ncbi.public,s3.us-east-1",SRX27135206,WT,uncalculated,uncalculated,missing,Illumina HiSeq 4000,GSM8689681,SINGLE,other,OTHER,Mus musculus,ILLUMINA,2025-03-11T00:00:00Z,2024-12-19T03:44:00Z,1,GSM8689681,Mouse Embryonic Fibroblast,SRP552549,"VSV infected,untreated",Mouse Embryonic Fibroblast,
SRR31773507,OTHER,101,1265484651,PRJNA1199975,SAMN45902199,373852279,"ERIC VAN NOSTRAND, BIOCHEMISTRY AND MOLECULAR PHARMACOLOGY, BAYLOR COLLEGE OF MEDICINE",missing,public,"fastq,sra","gs,ncbi,s3","gs.us-east1,ncbi.public,s3.us-east-1",SRX27135205,WT,uncalculated,uncalculated,missing,Illumina HiSeq 4000,GSM8689680,SINGLE,other,OTHER,Mus musculus,ILLUMINA,2025-03-11T00:00:00Z,2024-12-19T03:43:00Z,1,GSM8689680,Mouse Embryonic Fibroblast,SRP552549,"VSV infected,untreated",Mouse Embryonic Fibroblast,
SRR31773508,OTHER,101,1455153864,PRJNA1199975,SAMN45902200,431068172,"ERIC VAN NOSTRAND, BIOCHEMISTRY AND MOLECULAR PHARMACOLOGY, BAYLOR COLLEGE OF MEDICINE",missing,public,"fastq,run.zq,sra","gs,ncbi,s3","gs.us-east1,ncbi.public,s3.us-east-1",SRX27135204,WT,uncalculated,uncalculated,missing,Illumina HiSeq 4000,GSM8689679,SINGLE,other,OTHER,Mus musculus,ILLUMINA,2025-03-11T00:00:00Z,2024-12-19T03:44:00Z,1,GSM8689679,Mouse Embryonic Fibroblast,SRP552549,"uninfected,Interferon treated",Mouse Embryonic Fibroblast,
SRR31773509,OTHER,101,1294483670,PRJNA1199975,SAMN45902201,380591617,"ERIC VAN NOSTRAND, BIOCHEMISTRY AND MOLECULAR PHARMACOLOGY, BAYLOR COLLEGE OF MEDICINE",missing,public,"fastq,sra","gs,ncbi,s3","gs.us-east1,ncbi.public,s3.us-east-1",SRX27135203,WT,uncalculated,uncalculated,missing,Illumina HiSeq 4000,GSM8689678,SINGLE,other,OTHER,Mus musculus,ILLUMINA,2025-03-11T00:00:00Z,2024-12-19T03:43:00Z,1,GSM8689678,Mouse Embryonic Fibroblast,SRP552549,"uninfected,Interferon treated",Mouse Embryonic Fibroblast,
SRR31773510,OTHER,101,1362347994,PRJNA1199975,SAMN45902202,401673418,"ERIC VAN NOSTRAND, BIOCHEMISTRY AND MOLECULAR PHARMACOLOGY, BAYLOR COLLEGE OF MEDICINE",missing,public,"fastq,sra","gs,ncbi,s3","gs.us-east1,ncbi.public,s3.us-east-1",SRX27135202,WT,uncalculated,uncalculated,missing,Illumina HiSeq 4000,GSM8689677,SINGLE,other,OTHER,Mus musculus,ILLUMINA,2025-03-11T00:00:00Z,2024-12-19T03:44:00Z,1,GSM8689677,Mouse Embryonic Fibroblast,SRP552549,"uninfected,untreated",Mouse Embryonic Fibroblast,
SRR31773511,OTHER,101,1327351393,PRJNA1199975,SAMN45902203,389943908,"ERIC VAN NOSTRAND, BIOCHEMISTRY AND MOLECULAR PHARMACOLOGY, BAYLOR COLLEGE OF MEDICINE",missing,public,"fastq,sra","gs,ncbi,s3","gs.us-east1,ncbi.public,s3.us-east-1",SRX27135201,WT,uncalculated,uncalculated,missing,Illumina HiSeq 4000,GSM8689676,SINGLE,other,OTHER,Mus musculus,ILLUMINA,2025-03-11T00:00:00Z,2024-12-19T03:43:00Z,1,GSM8689676,Mouse Embryonic Fibroblast,SRP552549,"uninfected,untreated",Mouse Embryonic Fibroblast,
SRR31773512,OTHER,75,1225771050,PRJNA1199975,SAMN45902204,499009222,"ERIC VAN NOSTRAND, BIOCHEMISTRY AND MOLECULAR PHARMACOLOGY, BAYLOR COLLEGE OF MEDICINE",missing,public,"fastq,run.zq,sra","gs,ncbi,s3","gs.us-east1,ncbi.public,s3.us-east-1",SRX27135200,IFIT2:FLAG+IFIT3:HA o/e,uncalculated,uncalculated,missing,Illumina HiSeq 4000,GSM8689675,SINGLE,other,OTHER,Homo sapiens,ILLUMINA,2025-03-11T00:00:00Z,2024-12-19T03:44:00Z,1,GSM8689675,HEK293T,SRP552549,"uninfected,-",,HEK293T
SRR31773513,OTHER,75,1621224225,PRJNA1199975,SAMN45902205,655232944,"ERIC VAN NOSTRAND, BIOCHEMISTRY AND MOLECULAR PHARMACOLOGY, BAYLOR COLLEGE OF MEDICINE",missing,public,"fastq,run.zq,sra","gs,ncbi,s3","gs.us-east1,ncbi.public,s3.us-east-1",SRX27135199,IFIT2:FLAG+IFIT3:HA o/e,uncalculated,uncalculated,missing,Illumina HiSeq 4000,GSM8689674,SINGLE,other,OTHER,Homo sapiens,ILLUMINA,2025-03-11T00:00:00Z,2024-12-19T03:44:00Z,1,GSM8689674,HEK293T,SRP552549,"uninfected,-",,HEK293T
SRR31773514,OTHER,75,1057654500,PRJNA1199975,SAMN45902206,428292316,"ERIC VAN NOSTRAND, BIOCHEMISTRY AND MOLECULAR PHARMACOLOGY, BAYLOR COLLEGE OF MEDICINE",missing,public,"fastq,run.zq,sra","gs,ncbi,s3","gs.us-east1,ncbi.public,s3.us-east-1",SRX27135198,IFIT2:FLAG+IFIT3:HA o/e,uncalculated,uncalculated,missing,Illumina HiSeq 4000,GSM8689673,SINGLE,other,OTHER,Homo sapiens,ILLUMINA,2025-03-11T00:00:00Z,2024-12-19T03:43:00Z,1,GSM8689673,HEK293T,SRP552549,"uninfected,-",,HEK293T
SRR31773515,OTHER,75,1668128550,PRJNA1199975,SAMN45902207,677776475,"ERIC VAN NOSTRAND, BIOCHEMISTRY AND MOLECULAR PHARMACOLOGY, BAYLOR COLLEGE OF MEDICINE",missing,public,"fastq,run.zq,sra","gs,ncbi,s3","gs.us-east1,ncbi.public,s3.us-east-1",SRX27135197,IFIT2:FLAG+IFIT3:HA o/e,uncalculated,uncalculated,missing,Illumina HiSeq 4000,GSM8689672,SINGLE,other,OTHER,Homo sapiens,ILLUMINA,2025-03-11T00:00:00Z,2024-12-19T03:44:00Z,1,GSM8689672,HEK293T,SRP552549,"uninfected,-",,HEK293T
SRR31773516,OTHER,75,1056581325,PRJNA1199975,SAMN45902208,428612540,"ERIC VAN NOSTRAND, BIOCHEMISTRY AND MOLECULAR PHARMACOLOGY, BAYLOR COLLEGE OF MEDICINE",missing,public,"fastq,run.zq,sra","gs,ncbi,s3","gs.us-east1,ncbi.public,s3.us-east-1",SRX27135196,IFIT3:HA o/e,uncalculated,uncalculated,missing,Illumina HiSeq 4000,GSM8689671,SINGLE,other,OTHER,Homo sapiens,ILLUMINA,2025-03-11T00:00:00Z,2024-12-19T03:44:00Z,1,GSM8689671,HEK293T,SRP552549,"uninfected,-",,HEK293T
SRR31773517,OTHER,75,1451204175,PRJNA1199975,SAMN45902209,597965916,"ERIC VAN NOSTRAND, BIOCHEMISTRY AND MOLECULAR PHARMACOLOGY, BAYLOR COLLEGE OF MEDICINE",missing,public,"fastq,run.zq,sra","gs,ncbi,s3","gs.us-east1,ncbi.public,s3.us-east-1",SRX27135195,IFIT3:HA o/e,uncalculated,uncalculated,missing,Illumina HiSeq 4000,GSM8689670,SINGLE,other,OTHER,Homo sapiens,ILLUMINA,2025-03-11T00:00:00Z,2024-12-19T03:43:00Z,1,GSM8689670,HEK293T,SRP552549,"uninfected,-",,HEK293T
SRR31773518,OTHER,75,1299615450,PRJNA1199975,SAMN45902210,528510851,"ERIC VAN NOSTRAND, BIOCHEMISTRY AND MOLECULAR PHARMACOLOGY, BAYLOR COLLEGE OF MEDICINE",missing,public,"fastq,run.zq,sra","gs,ncbi,s3","gs.us-east1,ncbi.public,s3.us-east-1",SRX27135194,IFIT2:FLAG o/e,uncalculated,uncalculated,missing,Illumina HiSeq 4000,GSM8689669,SINGLE,other,OTHER,Homo sapiens,ILLUMINA,2025-03-11T00:00:00Z,2024-12-19T03:44:00Z,1,GSM8689669,HEK293T,SRP552549,"uninfected,-",,HEK293T
SRR31773519,OTHER,75,1206295125,PRJNA1199975,SAMN45902211,493683309,"ERIC VAN NOSTRAND, BIOCHEMISTRY AND MOLECULAR PHARMACOLOGY, BAYLOR COLLEGE OF MEDICINE",missing,public,"fastq,run.zq,sra","gs,ncbi,s3","gs.us-east1,ncbi.public,s3.us-east-1",SRX27135193,IFIT2:FLAG o/e,uncalculated,uncalculated,missing,Illumina HiSeq 4000,GSM8689668,SINGLE,other,OTHER,Homo sapiens,ILLUMINA,2025-03-11T00:00:00Z,2024-12-19T03:44:00Z,1,GSM8689668,HEK293T,SRP552549,"uninfected,-",,HEK293T
SRR31773520,OTHER,75,1133776275,PRJNA1199975,SAMN45902212,461399250,"ERIC VAN NOSTRAND, BIOCHEMISTRY AND MOLECULAR PHARMACOLOGY, BAYLOR COLLEGE OF MEDICINE",missing,public,"fastq,run.zq,sra","gs,ncbi,s3","gs.us-east1,ncbi.public,s3.us-east-1",SRX27135192,IFIT1:FLAG o/e,uncalculated,uncalculated,missing,Illumina HiSeq 4000,GSM8689667,SINGLE,other,OTHER,Homo sapiens,ILLUMINA,2025-03-11T00:00:00Z,2024-12-19T03:44:00Z,1,GSM8689667,HEK293T,SRP552549,"uninfected,-",,HEK293T
SRR31773521,OTHER,75,1737215100,PRJNA1199975,SAMN45902213,686105716,"ERIC VAN NOSTRAND, BIOCHEMISTRY AND MOLECULAR PHARMACOLOGY, BAYLOR COLLEGE OF MEDICINE",missing,public,"fastq,run.zq,sra","gs,ncbi,s3","gs.us-east1,ncbi.public,s3.us-east-1",SRX27135191,IFIT1:FLAG o/e,uncalculated,uncalculated,missing,Illumina HiSeq 4000,GSM8689666,SINGLE,other,OTHER,Homo sapiens,ILLUMINA,2025-03-11T00:00:00Z,2024-12-19T03:44:00Z,1,GSM8689666,HEK293T,SRP552549,"uninfected,-",,HEK293T
SRR31773522,OTHER,101,1509900207,PRJNA1199975,SAMN45902166,442653668,"ERIC VAN NOSTRAND, BIOCHEMISTRY AND MOLECULAR PHARMACOLOGY, BAYLOR COLLEGE OF MEDICINE",missing,public,"fastq,sra","gs,ncbi,s3","gs.us-east1,ncbi.public,s3.us-east-1",SRX27135190,IFIT3KO,uncalculated,uncalculated,missing,Illumina HiSeq 4000,GSM8689713,SINGLE,other,OTHER,Mus musculus,ILLUMINA,2025-03-11T00:00:00Z,2024-12-19T03:45:00Z,1,GSM8689713,Mouse Embryonic Fibroblast,SRP552549,"uninfected,Interferon treated",Mouse Embryonic Fibroblast,
SRR31773523,OTHER,101,1388559918,PRJNA1199975,SAMN45902167,408086166,"ERIC VAN NOSTRAND, BIOCHEMISTRY AND MOLECULAR PHARMACOLOGY, BAYLOR COLLEGE OF MEDICINE",missing,public,"fastq,sra","gs,ncbi,s3","gs.us-east1,ncbi.public,s3.us-east-1",SRX27135189,IFIT3KO,uncalculated,uncalculated,missing,Illumina HiSeq 4000,GSM8689712,SINGLE,other,OTHER,Mus musculus,ILLUMINA,2025-03-11T00:00:00Z,2024-12-19T03:44:00Z,1,GSM8689712,Mouse Embryonic Fibroblast,SRP552549,"uninfected,Interferon treated",Mouse Embryonic Fibroblast,
SRR31773524,OTHER,101,1334332311,PRJNA1199975,SAMN45902168,391461053,"ERIC VAN NOSTRAND, BIOCHEMISTRY AND MOLECULAR PHARMACOLOGY, BAYLOR COLLEGE OF MEDICINE",missing,public,"fastq,sra","gs,ncbi,s3","gs.us-east1,ncbi.public,s3.us-east-1",SRX27135188,IFIT2KO,uncalculated,uncalculated,missing,Illumina HiSeq 4000,GSM8689711,SINGLE,other,OTHER,Mus musculus,ILLUMINA,2025-03-11T00:00:00Z,2024-12-19T03:43:00Z,1,GSM8689711,Mouse Embryonic Fibroblast,SRP552549,"VSV infected,Interferon treated",Mouse Embryonic Fibroblast,
SRR31773525,OTHER,101,1317243111,PRJNA1199975,SAMN45902169,388025424,"ERIC VAN NOSTRAND, BIOCHEMISTRY AND MOLECULAR PHARMACOLOGY, BAYLOR COLLEGE OF MEDICINE",missing,public,"fastq,sra","gs,ncbi,s3","gs.us-east1,ncbi.public,s3.us-east-1",SRX27135187,IFIT2KO,uncalculated,uncalculated,missing,Illumina HiSeq 4000,GSM8689710,SINGLE,other,OTHER,Mus musculus,ILLUMINA,2025-03-11T00:00:00Z,2024-12-19T03:43:00Z,1,GSM8689710,Mouse Embryonic Fibroblast,SRP552549,"VSV infected,Interferon treated",Mouse Embryonic Fibroblast,
SRR31773526,OTHER,101,1624027581,PRJNA1199975,SAMN45902170,478880790,"ERIC VAN NOSTRAND, BIOCHEMISTRY AND MOLECULAR PHARMACOLOGY, BAYLOR COLLEGE OF MEDICINE",missing,public,"fastq,sra","gs,ncbi,s3","gs.us-east1,ncbi.public,s3.us-east-1",SRX27135186,IFIT2KO,uncalculated,uncalculated,missing,Illumina HiSeq 4000,GSM8689709,SINGLE,other,OTHER,Mus musculus,ILLUMINA,2025-03-11T00:00:00Z,2024-12-19T03:44:00Z,1,GSM8689709,Mouse Embryonic Fibroblast,SRP552549,"VSV infected,Interferon treated",Mouse Embryonic Fibroblast,
SRR31773527,OTHER,101,1469632921,PRJNA1199975,SAMN45902171,432103686,"ERIC VAN NOSTRAND, BIOCHEMISTRY AND MOLECULAR PHARMACOLOGY, BAYLOR COLLEGE OF MEDICINE",missing,public,"fastq,sra","gs,ncbi,s3","gs.us-east1,ncbi.public,s3.us-east-1",SRX27135185,IFIT2KO,uncalculated,uncalculated,missing,Illumina HiSeq 4000,GSM8689708,SINGLE,other,OTHER,Mus musculus,ILLUMINA,2025-03-11T00:00:00Z,2024-12-19T03:44:00Z,1,GSM8689708,Mouse Embryonic Fibroblast,SRP552549,"uninfected,Interferon treated",Mouse Embryonic Fibroblast,
SRR31773528,OTHER,101,1345552199,PRJNA1199975,SAMN45902172,396683433,"ERIC VAN NOSTRAND, BIOCHEMISTRY AND MOLECULAR PHARMACOLOGY, BAYLOR COLLEGE OF MEDICINE",missing,public,"fastq,sra","gs,ncbi,s3","gs.us-east1,ncbi.public,s3.us-east-1",SRX27135184,IFIT2KO,uncalculated,uncalculated,missing,Illumina HiSeq 4000,GSM8689707,SINGLE,other,OTHER,Mus musculus,ILLUMINA,2025-03-11T00:00:00Z,2024-12-19T03:43:00Z,1,GSM8689707,Mouse Embryonic Fibroblast,SRP552549,"uninfected,Interferon treated",Mouse Embryonic Fibroblast,
SRR31773529,OTHER,101,1505930907,PRJNA1199975,SAMN45902173,445063446,"ERIC VAN NOSTRAND, BIOCHEMISTRY AND MOLECULAR PHARMACOLOGY, BAYLOR COLLEGE OF MEDICINE",missing,public,"fastq,sra","gs,ncbi,s3","gs.us-east1,ncbi.public,s3.us-east-1",SRX27135183,IFIT2KO,uncalculated,uncalculated,missing,Illumina HiSeq 4000,GSM8689706,SINGLE,other,OTHER,Mus musculus,ILLUMINA,2025-03-11T00:00:00Z,2024-12-19T03:43:00Z,1,GSM8689706,Mouse Embryonic Fibroblast,SRP552549,"uninfected,Interferon treated",Mouse Embryonic Fibroblast,
SRR31773530,OTHER,101,1260670183,PRJNA1199975,SAMN45902174,368889197,"ERIC VAN NOSTRAND, BIOCHEMISTRY AND MOLECULAR PHARMACOLOGY, BAYLOR COLLEGE OF MEDICINE",missing,public,"fastq,sra","gs,ncbi,s3","gs.us-east1,ncbi.public,s3.us-east-1",SRX27135182,IFIT2KO,uncalculated,uncalculated,missing,Illumina HiSeq 4000,GSM8689705,SINGLE,other,OTHER,Mus musculus,ILLUMINA,2025-03-11T00:00:00Z,2024-12-19T03:43:00Z,1,GSM8689705,Mouse Embryonic Fibroblast,SRP552549,"VSV infected,Interferon treated",Mouse Embryonic Fibroblast,
SRR31773531,OTHER,101,1378269129,PRJNA1199975,SAMN45902175,402540106,"ERIC VAN NOSTRAND, BIOCHEMISTRY AND MOLECULAR PHARMACOLOGY, BAYLOR COLLEGE OF MEDICINE",missing,public,"fastq,sra","gs,ncbi,s3","gs.us-east1,ncbi.public,s3.us-east-1",SRX27135181,IFIT2KO,uncalculated,uncalculated,missing,Illumina HiSeq 4000,GSM8689704,SINGLE,other,OTHER,Mus musculus,ILLUMINA,2025-03-11T00:00:00Z,2024-12-19T03:43:00Z,1,GSM8689704,Mouse Embryonic Fibroblast,SRP552549,"VSV infected,Interferon treated",Mouse Embryonic Fibroblast,
SRR31773532,OTHER,101,1586608798,PRJNA1199975,SAMN45902176,467913257,"ERIC VAN NOSTRAND, BIOCHEMISTRY AND MOLECULAR PHARMACOLOGY, BAYLOR COLLEGE OF MEDICINE",missing,public,"fastq,sra","gs,ncbi,s3","gs.us-east1,ncbi.public,s3.us-east-1",SRX27135180,IFIT2KO,uncalculated,uncalculated,missing,Illumina HiSeq 4000,GSM8689703,SINGLE,other,OTHER,Mus musculus,ILLUMINA,2025-03-11T00:00:00Z,2024-12-19T03:43:00Z,1,GSM8689703,Mouse Embryonic Fibroblast,SRP552549,"VSV infected,Interferon treated",Mouse Embryonic Fibroblast,
SRR31773533,OTHER,101,1595938471,PRJNA1199975,SAMN45902177,469957225,"ERIC VAN NOSTRAND, BIOCHEMISTRY AND MOLECULAR PHARMACOLOGY, BAYLOR COLLEGE OF MEDICINE",missing,public,"fastq,sra","gs,ncbi,s3","gs.us-east1,ncbi.public,s3.us-east-1",SRX27135179,IFIT2KO,uncalculated,uncalculated,missing,Illumina HiSeq 4000,GSM8689702,SINGLE,other,OTHER,Mus musculus,ILLUMINA,2025-03-11T00:00:00Z,2024-12-19T03:44:00Z,1,GSM8689702,Mouse Embryonic Fibroblast,SRP552549,"uninfected,Interferon treated",Mouse Embryonic Fibroblast,
SRR31773534,OTHER,101,1375970672,PRJNA1199975,SAMN45902178,404868284,"ERIC VAN NOSTRAND, BIOCHEMISTRY AND MOLECULAR PHARMACOLOGY, BAYLOR COLLEGE OF MEDICINE",missing,public,"fastq,sra","gs,ncbi,s3","gs.us-east1,ncbi.public,s3.us-east-1",SRX27135178,IFIT2KO,uncalculated,uncalculated,missing,Illumina HiSeq 4000,GSM8689701,SINGLE,other,OTHER,Mus musculus,ILLUMINA,2025-03-11T00:00:00Z,2024-12-19T03:43:00Z,1,GSM8689701,Mouse Embryonic Fibroblast,SRP552549,"uninfected,Interferon treated",Mouse Embryonic Fibroblast,
SRR31773535,OTHER,101,1602539225,PRJNA1199975,SAMN45902179,473163159,"ERIC VAN NOSTRAND, BIOCHEMISTRY AND MOLECULAR PHARMACOLOGY, BAYLOR COLLEGE OF MEDICINE",missing,public,"fastq,sra","gs,ncbi,s3","gs.us-east1,ncbi.public,s3.us-east-1",SRX27135177,IFIT2KO,uncalculated,uncalculated,missing,Illumina HiSeq 4000,GSM8689700,SINGLE,other,OTHER,Mus musculus,ILLUMINA,2025-03-11T00:00:00Z,2024-12-19T03:43:00Z,1,GSM8689700,Mouse Embryonic Fibroblast,SRP552549,"uninfected,Interferon treated",Mouse Embryonic Fibroblast,
SRR31773536,OTHER,101,1277957848,PRJNA1199975,SAMN45902180,376405253,"ERIC VAN NOSTRAND, BIOCHEMISTRY AND MOLECULAR PHARMACOLOGY, BAYLOR COLLEGE OF MEDICINE",missing,public,"fastq,sra","gs,ncbi,s3","gs.us-east1,ncbi.public,s3.us-east-1",SRX27135176,WT,uncalculated,uncalculated,missing,Illumina HiSeq 4000,GSM8689699,SINGLE,other,OTHER,Mus musculus,ILLUMINA,2025-03-11T00:00:00Z,2024-12-19T03:43:00Z,1,GSM8689699,Mouse Embryonic Fibroblast,SRP552549,"VSV infected,Interferon treated",Mouse Embryonic Fibroblast,
SRR31773537,OTHER,101,1099657195,PRJNA1199975,SAMN45902181,325444715,"ERIC VAN NOSTRAND, BIOCHEMISTRY AND MOLECULAR PHARMACOLOGY, BAYLOR COLLEGE OF MEDICINE",missing,public,"fastq,sra","gs,ncbi,s3","gs.us-east1,ncbi.public,s3.us-east-1",SRX27135175,WT,uncalculated,uncalculated,missing,Illumina HiSeq 4000,GSM8689698,SINGLE,other,OTHER,Mus musculus,ILLUMINA,2025-03-11T00:00:00Z,2024-12-19T03:43:00Z,1,GSM8689698,Mouse Embryonic Fibroblast,SRP552549,"VSV infected,untreated",Mouse Embryonic Fibroblast,
SRR31773538,OTHER,75,1484731650,PRJNA1199975,SAMN45902214,600556734,"ERIC VAN NOSTRAND, BIOCHEMISTRY AND MOLECULAR PHARMACOLOGY, BAYLOR COLLEGE OF MEDICINE",missing,public,"fastq,run.zq,sra","gs,ncbi,s3","gs.us-east1,ncbi.public,s3.us-east-1",SRX27135174,WT,uncalculated,uncalculated,missing,Illumina HiSeq 4000,GSM8689665,SINGLE,other,OTHER,Homo sapiens,ILLUMINA,2025-03-11T00:00:00Z,2024-12-19T03:44:00Z,1,GSM8689665,HEK293T,SRP552549,"uninfected,-",,HEK293T
SRR31773539,OTHER,75,1814511225,PRJNA1199975,SAMN45902215,727539996,"ERIC VAN NOSTRAND, BIOCHEMISTRY AND MOLECULAR PHARMACOLOGY, BAYLOR COLLEGE OF MEDICINE",missing,public,"fastq,run.zq,sra","gs,ncbi,s3","gs.us-east1,ncbi.public,s3.us-east-1",SRX27135173,WT,uncalculated,uncalculated,missing,Illumina HiSeq 4000,GSM8689664,SINGLE,other,OTHER,Homo sapiens,ILLUMINA,2025-03-11T00:00:00Z,2024-12-19T03:44:00Z,1,GSM8689664,HEK293T,SRP552549,"uninfected,-",,HEK293T
SRR31773540,OTHER,75,1028725125,PRJNA1199975,SAMN45902216,417978315,"ERIC VAN NOSTRAND, BIOCHEMISTRY AND MOLECULAR PHARMACOLOGY, BAYLOR COLLEGE OF MEDICINE",missing,public,"fastq,run.zq,sra","gs,ncbi,s3","gs.us-east1,ncbi.public,s3.us-east-1",SRX27135172,WT,uncalculated,uncalculated,missing,Illumina HiSeq 4000,GSM8689663,SINGLE,other,OTHER,Homo sapiens,ILLUMINA,2025-03-11T00:00:00Z,2024-12-19T03:43:00Z,1,GSM8689663,HEK293T,SRP552549,"uninfected,-",,HEK293T
SRR31773541,OTHER,75,2182758750,PRJNA1199975,SAMN45902217,811871083,"ERIC VAN NOSTRAND, BIOCHEMISTRY AND MOLECULAR PHARMACOLOGY, BAYLOR COLLEGE OF MEDICINE",missing,public,"fastq,run.zq,sra","gs,ncbi,s3","gs.us-east1,ncbi.public,s3.us-east-1",SRX27135171,WT,uncalculated,uncalculated,missing,Illumina HiSeq 4000,GSM8689662,SINGLE,other,OTHER,Homo sapiens,ILLUMINA,2025-03-11T00:00:00Z,2024-12-19T03:44:00Z,1,GSM8689662,HEK293T,SRP552549,"uninfected,-",,HEK293T
SRR31773542,OTHER,75,1271723775,PRJNA1199975,SAMN45902218,508704646,"ERIC VAN NOSTRAND, BIOCHEMISTRY AND MOLECULAR PHARMACOLOGY, BAYLOR COLLEGE OF MEDICINE",missing,public,"fastq,run.zq,sra","gs,ncbi,s3","gs.us-east1,ncbi.public,s3.us-east-1",SRX27135170,IFIT2:FLAG+IFIT3:HA o/e,uncalculated,uncalculated,missing,Illumina HiSeq 4000,GSM8689661,SINGLE,other,OTHER,Homo sapiens,ILLUMINA,2025-03-11T00:00:00Z,2024-12-19T03:43:00Z,1,GSM8689661,HEK293T,SRP552549,"VSV infected,-",,HEK293T
SRR31773543,OTHER,75,3022041375,PRJNA1199975,SAMN45902219,1212647577,"ERIC VAN NOSTRAND, BIOCHEMISTRY AND MOLECULAR PHARMACOLOGY, BAYLOR COLLEGE OF MEDICINE",missing,public,"fastq,run.zq,sra","gs,ncbi,s3","gs.us-east1,ncbi.public,s3.us-east-1",SRX27135169,IFIT2:FLAG+IFIT3:HA o/e,uncalculated,uncalculated,missing,Illumina HiSeq 4000,GSM8689660,SINGLE,other,OTHER,Homo sapiens,ILLUMINA,2025-03-11T00:00:00Z,2024-12-19T03:47:00Z,1,GSM8689660,HEK293T,SRP552549,"VSV infected,-",,HEK293T
SRR31773544,OTHER,75,1141557000,PRJNA1199975,SAMN45902220,458350429,"ERIC VAN NOSTRAND, BIOCHEMISTRY AND MOLECULAR PHARMACOLOGY, BAYLOR COLLEGE OF MEDICINE",missing,public,"fastq,run.zq,sra","gs,ncbi,s3","gs.us-east1,ncbi.public,s3.us-east-1",SRX27135168,IFIT2:FLAG+IFIT3:HA o/e,uncalculated,uncalculated,missing,Illumina HiSeq 4000,GSM8689659,SINGLE,other,OTHER,Homo sapiens,ILLUMINA,2025-03-11T00:00:00Z,2024-12-19T03:43:00Z,1,GSM8689659,HEK293T,SRP552549,"VSV infected,-",,HEK293T
SRR31773545,OTHER,75,3123578850,PRJNA1199975,SAMN45902221,1253646668,"ERIC VAN NOSTRAND, BIOCHEMISTRY AND MOLECULAR PHARMACOLOGY, BAYLOR COLLEGE OF MEDICINE",missing,public,"fastq,run.zq,sra","gs,ncbi,s3","gs.us-east1,ncbi.public,s3.us-east-1",SRX27135167,IFIT2:FLAG+IFIT3:HA o/e,uncalculated,uncalculated,missing,Illumina HiSeq 4000,GSM8689658,SINGLE,other,OTHER,Homo sapiens,ILLUMINA,2025-03-11T00:00:00Z,2024-12-19T03:46:00Z,1,GSM8689658,HEK293T,SRP552549,"VSV infected,-",,HEK293T
SRR31773546,OTHER,75,1042352325,PRJNA1199975,SAMN45902222,419135897,"ERIC VAN NOSTRAND, BIOCHEMISTRY AND MOLECULAR PHARMACOLOGY, BAYLOR COLLEGE OF MEDICINE",missing,public,"fastq,run.zq,sra","gs,ncbi,s3","gs.us-east1,ncbi.public,s3.us-east-1",SRX27135166,IFIT3:HA o/e,uncalculated,uncalculated,missing,Illumina HiSeq 4000,GSM8689657,SINGLE,other,OTHER,Homo sapiens,ILLUMINA,2025-03-11T00:00:00Z,2024-12-19T03:45:00Z,1,GSM8689657,HEK293T,SRP552549,"VSV infected,-",,HEK293T
SRR31773547,OTHER,75,1500034800,PRJNA1199975,SAMN45902223,606832067,"ERIC VAN NOSTRAND, BIOCHEMISTRY AND MOLECULAR PHARMACOLOGY, BAYLOR COLLEGE OF MEDICINE",missing,public,"fastq,run.zq,sra","gs,ncbi,s3","gs.us-east1,ncbi.public,s3.us-east-1",SRX27135165,IFIT3:HA o/e,uncalculated,uncalculated,missing,Illumina HiSeq 4000,GSM8689656,SINGLE,other,OTHER,Homo sapiens,ILLUMINA,2025-03-11T00:00:00Z,2024-12-19T03:43:00Z,1,GSM8689656,HEK293T,SRP552549,"VSV infected,-",,HEK293T
SRR31773548,OTHER,75,1379779350,PRJNA1199975,SAMN45902224,558381082,"ERIC VAN NOSTRAND, BIOCHEMISTRY AND MOLECULAR PHARMACOLOGY, BAYLOR COLLEGE OF MEDICINE",missing,public,"fastq,run.zq,sra","gs,ncbi,s3","gs.us-east1,ncbi.public,s3.us-east-1",SRX27135164,IFIT2:FLAG o/e,uncalculated,uncalculated,missing,Illumina HiSeq 4000,GSM8689655,SINGLE,other,OTHER,Homo sapiens,ILLUMINA,2025-03-11T00:00:00Z,2024-12-19T03:43:00Z,1,GSM8689655,HEK293T,SRP552549,"VSV infected,-",,HEK293T
SRR31773549,OTHER,75,1142012475,PRJNA1199975,SAMN45902225,468877459,"ERIC VAN NOSTRAND, BIOCHEMISTRY AND MOLECULAR PHARMACOLOGY, BAYLOR COLLEGE OF MEDICINE",missing,public,"fastq,run.zq,sra","gs,ncbi,s3","gs.us-east1,ncbi.public,s3.us-east-1",SRX27135163,IFIT2:FLAG o/e,uncalculated,uncalculated,missing,Illumina HiSeq 4000,GSM8689654,SINGLE,other,OTHER,Homo sapiens,ILLUMINA,2025-03-11T00:00:00Z,2024-12-19T03:44:00Z,1,GSM8689654,HEK293T,SRP552549,"VSV infected,-",,HEK293T
SRR31773550,OTHER,75,967486200,PRJNA1199975,SAMN45902226,390479997,"ERIC VAN NOSTRAND, BIOCHEMISTRY AND MOLECULAR PHARMACOLOGY, BAYLOR COLLEGE OF MEDICINE",missing,public,"fastq,run.zq,sra","gs,ncbi,s3","gs.us-east1,ncbi.public,s3.us-east-1",SRX27135162,IFIT1:FLAG o/e,uncalculated,uncalculated,missing,Illumina HiSeq 4000,GSM8689653,SINGLE,other,OTHER,Homo sapiens,ILLUMINA,2025-03-11T00:00:00Z,2024-12-19T03:45:00Z,1,GSM8689653,HEK293T,SRP552549,"VSV infected,-",,HEK293T
SRR31773551,OTHER,75,1054525875,PRJNA1199975,SAMN45902227,429522048,"ERIC VAN NOSTRAND, BIOCHEMISTRY AND MOLECULAR PHARMACOLOGY, BAYLOR COLLEGE OF MEDICINE",missing,public,"fastq,run.zq,sra","gs,ncbi,s3","gs.us-east1,ncbi.public,s3.us-east-1",SRX27135161,IFIT1:FLAG o/e,uncalculated,uncalculated,missing,Illumina HiSeq 4000,GSM8689652,SINGLE,other,OTHER,Homo sapiens,ILLUMINA,2025-03-11T00:00:00Z,2024-12-19T03:43:00Z,1,GSM8689652,HEK293T,SRP552549,"VSV infected,-",,HEK293T
SRR31773552,OTHER,75,1153695075,PRJNA1199975,SAMN45902228,465393624,"ERIC VAN NOSTRAND, BIOCHEMISTRY AND MOLECULAR PHARMACOLOGY, BAYLOR COLLEGE OF MEDICINE",missing,public,"fastq,run.zq,sra","gs,ncbi,s3","gs.us-east1,ncbi.public,s3.us-east-1",SRX27135160,WT,uncalculated,uncalculated,missing,Illumina HiSeq 4000,GSM8689651,SINGLE,other,OTHER,Homo sapiens,ILLUMINA,2025-03-11T00:00:00Z,2024-12-19T03:44:00Z,1,GSM8689651,HEK293T,SRP552549,"VSV infected,-",,HEK293T
SRR31773553,OTHER,75,1248679875,PRJNA1199975,SAMN45902229,507565287,"ERIC VAN NOSTRAND, BIOCHEMISTRY AND MOLECULAR PHARMACOLOGY, BAYLOR COLLEGE OF MEDICINE",missing,public,"fastq,run.zq,sra","gs,ncbi,s3","gs.us-east1,ncbi.public,s3.us-east-1",SRX27135159,WT,uncalculated,uncalculated,missing,Illumina HiSeq 4000,GSM8689650,SINGLE,other,OTHER,Homo sapiens,ILLUMINA,2025-03-11T00:00:00Z,2024-12-19T03:45:00Z,1,GSM8689650,HEK293T,SRP552549,"VSV infected,-",,HEK293T
SRR31773554,OTHER,75,835239150,PRJNA1199975,SAMN45902230,337620232,"ERIC VAN NOSTRAND, BIOCHEMISTRY AND MOLECULAR PHARMACOLOGY, BAYLOR COLLEGE OF MEDICINE",missing,public,"fastq,run.zq,sra","gs,ncbi,s3","gs.us-east1,ncbi.public,s3.us-east-1",SRX27135158,WT,uncalculated,uncalculated,missing,Illumina HiSeq 4000,GSM8689649,SINGLE,other,OTHER,Homo sapiens,ILLUMINA,2025-03-11T00:00:00Z,2024-12-19T03:43:00Z,1,GSM8689649,HEK293T,SRP552549,"VSV infected,-",,HEK293T
SRR31773555,OTHER,75,913142025,PRJNA1199975,SAMN45902231,371533765,"ERIC VAN NOSTRAND, BIOCHEMISTRY AND MOLECULAR PHARMACOLOGY, BAYLOR COLLEGE OF MEDICINE",missing,public,"fastq,run.zq,sra","gs,ncbi,s3","gs.us-east1,ncbi.public,s3.us-east-1",SRX27135157,WT,uncalculated,uncalculated,missing,Illumina HiSeq 4000,GSM8689648,SINGLE,other,OTHER,Homo sapiens,ILLUMINA,2025-03-11T00:00:00Z,2024-12-19T03:43:00Z,1,GSM8689648,HEK293T,SRP552549,"VSV infected,-",,HEK293T
SRR31773556,OTHER,75,1005915900,PRJNA1199975,SAMN45902232,396863165,"ERIC VAN NOSTRAND, BIOCHEMISTRY AND MOLECULAR PHARMACOLOGY, BAYLOR COLLEGE OF MEDICINE",missing,public,"fastq,run.zq,sra","gs,ncbi,s3","gs.us-east1,ncbi.public,s3.us-east-1",SRX27135156,IFIT2:FLAG+IFIT3:HA o/e,uncalculated,uncalculated,missing,Illumina HiSeq 4000,GSM8689647,SINGLE,other,OTHER,Homo sapiens,ILLUMINA,2025-03-11T00:00:00Z,2024-12-19T03:43:00Z,1,GSM8689647,HEK293T,SRP552549,"VSV infected,-",,HEK293T
SRR31773557,OTHER,75,3772654350,PRJNA1199975,SAMN45902233,1486696619,"ERIC VAN NOSTRAND, BIOCHEMISTRY AND MOLECULAR PHARMACOLOGY, BAYLOR COLLEGE OF MEDICINE",missing,public,"fastq,run.zq,sra","gs,ncbi,s3","gs.us-east1,ncbi.public,s3.us-east-1",SRX27135155,IFIT2:FLAG+IFIT3:HA o/e,uncalculated,uncalculated,missing,Illumina HiSeq 4000,GSM8689646,SINGLE,other,OTHER,Homo sapiens,ILLUMINA,2025-03-11T00:00:00Z,2024-12-19T03:46:00Z,1,GSM8689646,HEK293T,SRP552549,"VSV infected,-",,HEK293T
SRR31773558,OTHER,75,1218021150,PRJNA1199975,SAMN45902234,480685820,"ERIC VAN NOSTRAND, BIOCHEMISTRY AND MOLECULAR PHARMACOLOGY, BAYLOR COLLEGE OF MEDICINE",missing,public,"fastq,run.zq,sra","gs,ncbi,s3","gs.us-east1,ncbi.public,s3.us-east-1",SRX27135154,IFIT2:FLAG+IFIT3:HA o/e,uncalculated,uncalculated,missing,Illumina HiSeq 4000,GSM8689645,SINGLE,other,OTHER,Homo sapiens,ILLUMINA,2025-03-11T00:00:00Z,2024-12-19T03:44:00Z,1,GSM8689645,HEK293T,SRP552549,"VSV infected,-",,HEK293T
SRR31773559,OTHER,75,2959622175,PRJNA1199975,SAMN45902235,1175491196,"ERIC VAN NOSTRAND, BIOCHEMISTRY AND MOLECULAR PHARMACOLOGY, BAYLOR COLLEGE OF MEDICINE",missing,public,"fastq,run.zq,sra","gs,ncbi,s3","gs.us-east1,ncbi.public,s3.us-east-1",SRX27135153,IFIT2:FLAG+IFIT3:HA o/e,uncalculated,uncalculated,missing,Illumina HiSeq 4000,GSM8689644,SINGLE,other,OTHER,Homo sapiens,ILLUMINA,2025-03-11T00:00:00Z,2024-12-19T03:46:00Z,1,GSM8689644,HEK293T,SRP552549,"VSV infected,-",,HEK293T
SRR31773560,OTHER,75,1284403350,PRJNA1199975,SAMN45902236,505642480,"ERIC VAN NOSTRAND, BIOCHEMISTRY AND MOLECULAR PHARMACOLOGY, BAYLOR COLLEGE OF MEDICINE",missing,public,"fastq,run.zq,sra","gs,ncbi,s3","gs.us-east1,ncbi.public,s3.us-east-1",SRX27135152,IFIT3:HA o/e,uncalculated,uncalculated,missing,Illumina HiSeq 4000,GSM8689643,SINGLE,other,OTHER,Homo sapiens,ILLUMINA,2025-03-11T00:00:00Z,2024-12-19T03:45:00Z,1,GSM8689643,HEK293T,SRP552549,"VSV infected,-",,HEK293T
SRR31773561,OTHER,75,964537350,PRJNA1199975,SAMN45902237,388517583,"ERIC VAN NOSTRAND, BIOCHEMISTRY AND MOLECULAR PHARMACOLOGY, BAYLOR COLLEGE OF MEDICINE",missing,public,"fastq,run.zq,sra","gs,ncbi,s3","gs.us-east1,ncbi.public,s3.us-east-1",SRX27135151,IFIT3:HA o/e,uncalculated,uncalculated,missing,Illumina HiSeq 4000,GSM8689642,SINGLE,other,OTHER,Homo sapiens,ILLUMINA,2025-03-11T00:00:00Z,2024-12-19T03:44:00Z,1,GSM8689642,HEK293T,SRP552549,"VSV infected,-",,HEK293T
SRR31773562,OTHER,75,1217940975,PRJNA1199975,SAMN45902238,482853387,"ERIC VAN NOSTRAND, BIOCHEMISTRY AND MOLECULAR PHARMACOLOGY, BAYLOR COLLEGE OF MEDICINE",missing,public,"fastq,run.zq,sra","gs,ncbi,s3","gs.us-east1,ncbi.public,s3.us-east-1",SRX27135150,IFIT2:FLAG o/e,uncalculated,uncalculated,missing,Illumina HiSeq 4000,GSM8689641,SINGLE,other,OTHER,Homo sapiens,ILLUMINA,2025-03-11T00:00:00Z,2024-12-19T03:45:00Z,1,GSM8689641,HEK293T,SRP552549,"VSV infected,-",,HEK293T
SRR31773563,OTHER,75,1394390925,PRJNA1199975,SAMN45902239,561233177,"ERIC VAN NOSTRAND, BIOCHEMISTRY AND MOLECULAR PHARMACOLOGY, BAYLOR COLLEGE OF MEDICINE",missing,public,"fastq,run.zq,sra","gs,ncbi,s3","gs.us-east1,ncbi.public,s3.us-east-1",SRX27135149,IFIT2:FLAG o/e,uncalculated,uncalculated,missing,Illumina HiSeq 4000,GSM8689640,SINGLE,other,OTHER,Homo sapiens,ILLUMINA,2025-03-11T00:00:00Z,2024-12-19T03:44:00Z,1,GSM8689640,HEK293T,SRP552549,"VSV infected,-",,HEK293T
SRR31773564,OTHER,75,1141635225,PRJNA1199975,SAMN45902240,450947488,"ERIC VAN NOSTRAND, BIOCHEMISTRY AND MOLECULAR PHARMACOLOGY, BAYLOR COLLEGE OF MEDICINE",missing,public,"fastq,run.zq,sra","gs,ncbi,s3","gs.us-east1,ncbi.public,s3.us-east-1",SRX27135148,IFIT1:FLAG o/e,uncalculated,uncalculated,missing,Illumina HiSeq 4000,GSM8689639,SINGLE,other,OTHER,Homo sapiens,ILLUMINA,2025-03-11T00:00:00Z,2024-12-19T03:45:00Z,1,GSM8689639,HEK293T,SRP552549,"VSV infected,-",,HEK293T
SRR31773565,OTHER,75,1460641650,PRJNA1199975,SAMN45902241,581963714,"ERIC VAN NOSTRAND, BIOCHEMISTRY AND MOLECULAR PHARMACOLOGY, BAYLOR COLLEGE OF MEDICINE",missing,public,"fastq,run.zq,sra","gs,ncbi,s3","gs.us-east1,ncbi.public,s3.us-east-1",SRX27135147,IFIT1:FLAG o/e,uncalculated,uncalculated,missing,Illumina HiSeq 4000,GSM8689638,SINGLE,other,OTHER,Homo sapiens,ILLUMINA,2025-03-11T00:00:00Z,2024-12-19T03:45:00Z,1,GSM8689638,HEK293T,SRP552549,"VSV infected,-",,HEK293T
SRR31773566,OTHER,75,1300342575,PRJNA1199975,SAMN45902242,514243779,"ERIC VAN NOSTRAND, BIOCHEMISTRY AND MOLECULAR PHARMACOLOGY, BAYLOR COLLEGE OF MEDICINE",missing,public,"fastq,run.zq,sra","gs,ncbi,s3","gs.us-east1,ncbi.public,s3.us-east-1",SRX27135146,WT,uncalculated,uncalculated,missing,Illumina HiSeq 4000,GSM8689637,SINGLE,other,OTHER,Homo sapiens,ILLUMINA,2025-03-11T00:00:00Z,2024-12-19T03:46:00Z,1,GSM8689637,HEK293T,SRP552549,"VSV infected,-",,HEK293T
SRR31773567,OTHER,75,1394049750,PRJNA1199975,SAMN45902243,556939241,"ERIC VAN NOSTRAND, BIOCHEMISTRY AND MOLECULAR PHARMACOLOGY, BAYLOR COLLEGE OF MEDICINE",missing,public,"fastq,run.zq,sra","gs,ncbi,s3","gs.us-east1,ncbi.public,s3.us-east-1",SRX27135145,WT,uncalculated,uncalculated,missing,Illumina HiSeq 4000,GSM8689636,SINGLE,other,OTHER,Homo sapiens,ILLUMINA,2025-03-11T00:00:00Z,2024-12-19T03:44:00Z,1,GSM8689636,HEK293T,SRP552549,"VSV infected,-",,HEK293T
SRR31773568,OTHER,75,1164479100,PRJNA1199975,SAMN45902244,458699510,"ERIC VAN NOSTRAND, BIOCHEMISTRY AND MOLECULAR PHARMACOLOGY, BAYLOR COLLEGE OF MEDICINE",missing,public,"fastq,run.zq,sra","gs,ncbi,s3","gs.us-east1,ncbi.public,s3.us-east-1",SRX27135144,WT,uncalculated,uncalculated,missing,Illumina HiSeq 4000,GSM8689635,SINGLE,other,OTHER,Homo sapiens,ILLUMINA,2025-03-11T00:00:00Z,2024-12-19T03:44:00Z,1,GSM8689635,HEK293T,SRP552549,"VSV infected,-",,HEK293T
SRR31773569,OTHER,75,1171428450,PRJNA1199975,SAMN45902245,467081663,"ERIC VAN NOSTRAND, BIOCHEMISTRY AND MOLECULAR PHARMACOLOGY, BAYLOR COLLEGE OF MEDICINE",missing,public,"fastq,run.zq,sra","gs,ncbi,s3","gs.us-east1,ncbi.public,s3.us-east-1",SRX27135143,WT,uncalculated,uncalculated,missing,Illumina HiSeq 4000,GSM8689634,SINGLE,other,OTHER,Homo sapiens,ILLUMINA,2025-03-11T00:00:00Z,2024-12-19T03:43:00Z,1,GSM8689634,HEK293T,SRP552549,"VSV infected,-",,HEK293T
